<?xml version="1.0" encoding="utf-8"?>
<install version="1.5" type="component">
    <name>JDConnect</name>
    <author>www.joomladrupal.com</author>
    <creationDate>2011.4</creationDate>
    <license>http://www.gnu.org/licenses/gpl-2.0.html GNU/GPL</license>
    <authorEmail>www.joomladrupal.com</authorEmail>
    <authorUrl>www.joomladrupal.com</authorUrl>
    <version>1.5</version>
    <description>www.joomladrupal.com</description>

    <administration>
        <files folder="admin">
            <filename>install.uc.php</filename>
            <filename>uninstall.uc.php</filename>
            <filename>controller.php</filename>
            <filename>joomla.php</filename>
            <filename>JDconnect.gif</filename>
            <filename>ucenter_control.php</filename>
            <filename>ucenter_control.xml.php</filename>
            <filename>uc_client/client.php</filename>
            <filename>uc_client/index.htm</filename>
            <filename>uc_client/model/app.php</filename>
            <filename>uc_client/model/base.php</filename>
            <filename>uc_client/model/cache.php</filename>
            <filename>uc_client/model/domain.php</filename>
            <filename>uc_client/model/friend.php</filename>
            <filename>uc_client/model/index.htm</filename>
            <filename>uc_client/model/mail.php</filename>
            <filename>uc_client/model/misc.php</filename>
            <filename>uc_client/model/note.php</filename>
            <filename>uc_client/model/pm.php</filename>
            <filename>uc_client/model/tag.php</filename>
            <filename>uc_client/model/user.php</filename>
            <filename>uc_client/lib/db.class.php</filename>
            <filename>uc_client/lib/index.htm</filename>
            <filename>uc_client/lib/sendmail.inc.php</filename>
            <filename>uc_client/lib/uccode.class.php</filename>
            <filename>uc_client/lib/xml.class.php</filename>
            <filename>uc_client/control/app.php</filename>
            <filename>uc_client/control/cache.php</filename>
            <filename>uc_client/control/domain.php</filename>
            <filename>uc_client/control/feed.php</filename>
            <filename>uc_client/control/friend.php</filename>
            <filename>uc_client/control/index.htm</filename>
            <filename>uc_client/control/mail.php</filename>
            <filename>uc_client/control/pm.php</filename>
            <filename>uc_client/control/tag.php</filename>
            <filename>uc_client/control/user.php</filename>
            <filename>uc_client/data/index.htm</filename>
            <filename>uc_client/data/cache/index.htm</filename>
            <filename>api/uc.php</filename>
            <filenmae>api/func_common.php</filenmae>
        </files>
    </administration>
    <installfile>install.uc.php</installfile>
    <uninstallfile>uninstall.uc.php</uninstallfile>
</install>
